Campaign,Ad Group,Keyword,Criterion Type,Max CPC,Status
MX | Vital Suplementos | Skincare | Busqueda,Anua | Niacinamida 10 + TXA 4,anua niacinamida 10 txa 4,Exact,6.00,Paused
MX | Vital Suplementos | Skincare | Busqueda,Anua | Niacinamida 10 + TXA 4,anua niacinamide 10 txa 4 serum,Exact,6.00,Paused
MX | Vital Suplementos | Skincare | Busqueda,Anua | Niacinamida 10 + TXA 4,anua niacinamida 30 ml,Exact,6.00,Paused
MX | Vital Suplementos | Skincare | Busqueda,Anua | Niacinamida 10 + TXA 4,comprar anua niacinamida,Exact,6.00,Paused
MX | Vital Suplementos | Skincare | Busqueda,Anua | Niacinamida 10 + TXA 4,anua niacinamida precio,Exact,6.00,Paused
MX | Vital Suplementos | Skincare | Busqueda,Anua | Niacinamida 10 + TXA 4,anua niacinamida 10 txa 4,Phrase,6.00,Paused
MX | Vital Suplementos | Skincare | Busqueda,Anua | Niacinamida 10 + TXA 4,comprar anua niacinamida,Phrase,6.00,Paused
MX | Vital Suplementos | Skincare | Busqueda,Anua | Niacinamida 10 + TXA 4,serum anua niacinamida,Phrase,6.00,Paused
MX | Vital Suplementos | Skincare | Busqueda,Medicube | Collagen Night,medicube collagen night wrapping mask,Exact,6.00,Paused
MX | Vital Suplementos | Skincare | Busqueda,Medicube | Collagen Night,mascarilla nocturna medicube,Exact,6.00,Paused
MX | Vital Suplementos | Skincare | Busqueda,Medicube | Collagen Night,medicube mascarilla colageno 75 ml,Exact,6.00,Paused
MX | Vital Suplementos | Skincare | Busqueda,Medicube | Collagen Night,comprar mascarilla medicube,Exact,6.00,Paused
MX | Vital Suplementos | Skincare | Busqueda,Medicube | Collagen Night,medicube collagen night precio,Exact,6.00,Paused
MX | Vital Suplementos | Skincare | Busqueda,Medicube | Collagen Night,medicube collagen night,Phrase,6.00,Paused
MX | Vital Suplementos | Skincare | Busqueda,Medicube | Collagen Night,mascarilla nocturna medicube,Phrase,6.00,Paused
MX | Vital Suplementos | Skincare | Busqueda,Tocobo | Cotton Soft 19 g,tocobo cotton soft sun stick 19g,Exact,6.00,Paused
MX | Vital Suplementos | Skincare | Busqueda,Tocobo | Cotton Soft 19 g,comprar protector solar tocobo,Exact,6.00,Paused
MX | Vital Suplementos | Skincare | Busqueda,Tocobo | Cotton Soft 19 g,tocobo cotton soft sun stick,Phrase,6.00,Paused
