Campaign,Keyword,Criterion Type
MX | Vital Suplementos | Skincare | Busqueda,empleo,Campaign Negative Phrase
MX | Vital Suplementos | Skincare | Busqueda,vacantes,Campaign Negative Phrase
MX | Vital Suplementos | Skincare | Busqueda,trabajo,Campaign Negative Phrase
MX | Vital Suplementos | Skincare | Busqueda,curso,Campaign Negative Phrase
MX | Vital Suplementos | Skincare | Busqueda,pdf,Campaign Negative Phrase
MX | Vital Suplementos | Skincare | Busqueda,descargar,Campaign Negative Phrase
MX | Vital Suplementos | Skincare | Busqueda,receta casera,Campaign Negative Phrase
MX | Vital Suplementos | Skincare | Busqueda,hacer en casa,Campaign Negative Phrase
MX | Vital Suplementos | Skincare | Busqueda,como preparar,Campaign Negative Phrase
MX | Vital Suplementos | Skincare | Busqueda,formula casera,Campaign Negative Phrase
MX | Vital Suplementos | Skincare | Busqueda,diy,Campaign Negative Phrase
MX | Vital Suplementos | Skincare | Busqueda,muestras gratis,Campaign Negative Phrase
MX | Vital Suplementos | Skincare | Busqueda,gratis sin costo,Campaign Negative Phrase
MX | Vital Suplementos | Skincare | Busqueda,regalo,Campaign Negative Phrase
MX | Vital Suplementos | Skincare | Busqueda,mercado libre,Campaign Negative Phrase
MX | Vital Suplementos | Skincare | Busqueda,amazon,Campaign Negative Phrase
MX | Vital Suplementos | Skincare | Busqueda,shein,Campaign Negative Phrase
MX | Vital Suplementos | Skincare | Busqueda,temu,Campaign Negative Phrase
MX | Vital Suplementos | Skincare | Busqueda,aliexpress,Campaign Negative Phrase
MX | Vital Suplementos | Skincare | Busqueda,sams,Campaign Negative Phrase
MX | Vital Suplementos | Skincare | Busqueda,costco,Campaign Negative Phrase
MX | Vital Suplementos | Skincare | Busqueda,liverpool,Campaign Negative Phrase
MX | Vital Suplementos | Skincare | Busqueda,sephora,Campaign Negative Phrase
MX | Vital Suplementos | Skincare | Busqueda,mayoreo,Campaign Negative Phrase
MX | Vital Suplementos | Skincare | Busqueda,al por mayor,Campaign Negative Phrase
MX | Vital Suplementos | Skincare | Busqueda,distribuidor,Campaign Negative Phrase
MX | Vital Suplementos | Skincare | Busqueda,proveedor,Campaign Negative Phrase
MX | Vital Suplementos | Skincare | Busqueda,revendedor,Campaign Negative Phrase
MX | Vital Suplementos | Skincare | Busqueda,replica,Campaign Negative Phrase
MX | Vital Suplementos | Skincare | Busqueda,imitacion,Campaign Negative Phrase
MX | Vital Suplementos | Skincare | Busqueda,falso,Campaign Negative Phrase
MX | Vital Suplementos | Skincare | Busqueda,clon,Campaign Negative Phrase
MX | Vital Suplementos | Skincare | Busqueda,generico,Campaign Negative Phrase
MX | Vital Suplementos | Skincare | Busqueda,colombia,Campaign Negative Phrase
MX | Vital Suplementos | Skincare | Busqueda,peru,Campaign Negative Phrase
MX | Vital Suplementos | Skincare | Busqueda,chile,Campaign Negative Phrase
MX | Vital Suplementos | Skincare | Busqueda,argentina,Campaign Negative Phrase
MX | Vital Suplementos | Skincare | Busqueda,espana,Campaign Negative Phrase
MX | Vital Suplementos | Skincare | Busqueda,estados unidos,Campaign Negative Phrase
MX | Vital Suplementos | Skincare | Busqueda,cura,Campaign Negative Phrase
MX | Vital Suplementos | Skincare | Busqueda,curar,Campaign Negative Phrase
MX | Vital Suplementos | Skincare | Busqueda,tratamiento medico,Campaign Negative Phrase
MX | Vital Suplementos | Skincare | Busqueda,receta medica,Campaign Negative Phrase
MX | Vital Suplementos | Skincare | Busqueda,medicamento,Campaign Negative Phrase
MX | Vital Suplementos | Skincare | Busqueda,dermatologo,Campaign Negative Phrase
MX | Vital Suplementos | Skincare | Busqueda,efectos secundarios,Campaign Negative Phrase
MX | Vital Suplementos | Skincare | Busqueda,contraindicaciones,Campaign Negative Phrase
MX | Vital Suplementos | Skincare | Busqueda,embarazo,Campaign Negative Phrase
MX | Vital Suplementos | Skincare | Busqueda,lactancia,Campaign Negative Phrase
MX | Vital Suplementos | Skincare | Busqueda,ninos,Campaign Negative Phrase
