Campaign,Ad Group,Callout Text,Status
MX | Vital Suplementos | Skincare | Busqueda,,Envío gratis,Paused
MX | Vital Suplementos | Skincare | Busqueda,,Pago contra entrega,Paused
MX | Vital Suplementos | Skincare | Busqueda,,Importación directa,Paused
MX | Vital Suplementos | Skincare | Busqueda,,Entrega de 2 a 5 días,Paused
MX | Vital Suplementos | Skincare | Busqueda,Anua | Niacinamida 10 + TXA 4,Presentación de 30 ml,Paused
MX | Vital Suplementos | Skincare | Busqueda,Anua | Niacinamida 10 + TXA 4,Niacinamida 10% + TXA 4%,Paused
MX | Vital Suplementos | Skincare | Busqueda,Medicube | Collagen Night,Presentación de 75 ml,Paused
MX | Vital Suplementos | Skincare | Busqueda,Medicube | Collagen Night,Mascarilla de noche,Paused
MX | Vital Suplementos | Skincare | Busqueda,Tocobo | Cotton Soft 19 g,Presentación de 19 g,Paused
MX | Vital Suplementos | Skincare | Busqueda,Tocobo | Cotton Soft 19 g,Formato en barra,Paused
